Username, Date, Make, Model, Year
WStraw,04/27/2019,Lincoln,MKZ,2015
WStraw,04/27/2019,Lincoln,MKZ,2015
MDarby,04/27/2019,Ferrari,550 Maranello,-
MDarby,04/27/2019,Ferrari,550 Maranello,2009
SDamrel,04/28/2019,Audi,TT,2008
SDamrel,04/28/2019,Dodge,Avenger,2013
SDamrel,04/28/2019,Dodge,Avenger,2013
SDamrel,04/28/2019,Dodge,Avenger,2013
SDamrel,04/28/2019,Dodge,Viper,-
SDamrel,04/28/2019,Dodge,Viper,2005
SDamrel,04/28/2019,Dodge,Viper,2005
SDamrel,04/28/2019,Dodge,Viper,2005
SDamrel,04/28/2019,Audi,TT,2008
MBurton,04/28/2019,Dodge,Viper,2005
MBurton,04/28/2019,Dodge,Viper,2005
a,05/01/2019,Audi,TT,2008
a,05/02/2019,Audi,TT,2008
a,05/07/2019,Audi,TT,2008
